Particle,Energy(MeV),Detector,Detected
tau,200000000.008,tau decay → muon,1
tau,200000000.008,tau decay → neutrino,1
electron,500.000,tracker,1
electron,500.000,calorimeter,1
electron,500.000,muon chamber,0
muon,200000000.000,tracker,1
muon,200000000.000,calorimeter,0
muon,200000000.000,muon chamber,1
photon,1500.000,tracker,0
photon,1500.000,calorimeter,0
photon,1500.000,muon chamber,0
positron,800.000,tracker,1
positron,800.000,calorimeter,1
positron,800.000,muon chamber,0
neutrino,450.000,tracker,0
neutrino,450.000,calorimeter,0
neutrino,450.000,muon chamber,0
neutrino,1318.988,tracker,0
neutrino,1318.988,calorimeter,0
neutrino,1318.988,muon chamber,0
tau,200000000.008,tracker,0
tau,200000000.008,calorimeter,0
tau,200000000.008,muon chamber,0
proton,100000000.004,tracker,0
proton,100000000.004,calorimeter,0
proton,100000000.004,muon chamber,0
neutron,939.565,tracker,0
neutron,939.565,calorimeter,0
neutron,939.565,muon chamber,0
electron,750.000,tracker,1
electron,750.000,calorimeter,1
electron,750.000,muon chamber,0
electron,750.000,tracker,1
electron,750.000,calorimeter,1
electron,750.000,muon chamber,0
photon,498.571,tracker,0
photon,498.571,calorimeter,0
photon,498.571,muon chamber,0
photon,282.585,tracker,0
photon,282.585,calorimeter,0
photon,282.585,muon chamber,0
